"asciiname","population","location"
"Amsterdam",741636,"https://www.google.com/maps/?q=52.37403,4.88969"
"Rotterdam",598199,"https://www.google.com/maps/?q=51.9225,4.47917"
"The Hague",474292,"https://www.google.com/maps/?q=52.07667,4.29861"
"Utrecht",290529,"https://www.google.com/maps/?q=52.09083,5.12222"
"Eindhoven",209620,"https://www.google.com/maps/?q=51.44083,5.47778"
"Tilburg",199613,"https://www.google.com/maps/?q=51.55551,5.0913"
"Groningen",181194,"https://www.google.com/maps/?q=53.21917,6.56667"
"Almere",176432,"https://www.google.com/maps/?q=52.37025,5.21413"
"Breda",167673,"https://www.google.com/maps/?q=51.58656,4.77596"
"Nijmegen",158732,"https://www.google.com/maps/?q=51.8425,5.85278"
"Enschede",153655,"https://www.google.com/maps/?q=52.21833,6.89583"
"Haarlem",147590,"https://www.google.com/maps/?q=52.38084,4.63683"
"Arnhem",141674,"https://www.google.com/maps/?q=51.98,5.91111"
"Zaanstad",140085,"https://www.google.com/maps/?q=52.45313,4.81356"
"Amersfoort",139914,"https://www.google.com/maps/?q=52.155,5.3875"
"Apeldoorn",136670,"https://www.google.com/maps/?q=52.21,5.96944"
"'s-Hertogenbosch",134520,"https://www.google.com/maps/?q=51.69917,5.30417"
"Hoofddorp",132734,"https://www.google.com/maps/?q=52.3025,4.68889"
"Maastricht",122378,"https://www.google.com/maps/?q=50.84833,5.68889"
"Leiden",119713,"https://www.google.com/maps/?q=52.15833,4.49306"
"Dordrecht",119260,"https://www.google.com/maps/?q=51.81,4.67361"
"Zoetermeer",115845,"https://www.google.com/maps/?q=52.0575,4.49306"
"Zwolle",111805,"https://www.google.com/maps/?q=52.5125,6.09444"
"Deventer",97331,"https://www.google.com/maps/?q=52.255,6.16389"
"Delft",95060,"https://www.google.com/maps/?q=52.00667,4.35556"
"Alkmaar",94853,"https://www.google.com/maps/?q=52.63167,4.74861"
"Heerlen",93084,"https://www.google.com/maps/?q=50.88365,5.98154"
"Venlo",92403,"https://www.google.com/maps/?q=51.37,6.16806"
"Leeuwarden",91424,"https://www.google.com/maps/?q=53.20139,5.80859"
"Amsterdam-Zuidoost",84811,"https://www.google.com/maps/?q=52.3075,4.97222"
"Hilversum",83640,"https://www.google.com/maps/?q=52.22333,5.17639"
"Hengelo",80809,"https://www.google.com/maps/?q=52.26583,6.79306"
"Amstelveen",79639,"https://www.google.com/maps/?q=52.30083,4.86389"
"Roosendaal",77725,"https://www.google.com/maps/?q=51.53083,4.46528"
"Purmerend",76745,"https://www.google.com/maps/?q=52.505,4.95972"
"Oss",76430,"https://www.google.com/maps/?q=51.765,5.51806"
"Schiedam",75438,"https://www.google.com/maps/?q=51.91917,4.38889"
"Spijkenisse",74988,"https://www.google.com/maps/?q=51.845,4.32917"
"Helmond",74740,"https://www.google.com/maps/?q=51.48167,5.66111"
"Vlaardingen",73798,"https://www.google.com/maps/?q=51.9125,4.34167"
"Almelo",72725,"https://www.google.com/maps/?q=52.35667,6.6625"
"Gouda",71952,"https://www.google.com/maps/?q=52.01667,4.70833"
"Zaandam",71708,"https://www.google.com/maps/?q=52.43854,4.82643"
"Lelystad",70741,"https://www.google.com/maps/?q=52.50833,5.475"
"Alphen aan den Rijn",70251,"https://www.google.com/maps/?q=52.12917,4.65546"
"Hoorn",68852,"https://www.google.com/maps/?q=52.6425,5.05972"
"Velsen-Zuid",67758,"https://www.google.com/maps/?q=52.46,4.65"
"Ede",67670,"https://www.google.com/maps/?q=52.03333,5.65833"
"Bergen op Zoom",66256,"https://www.google.com/maps/?q=51.495,4.29167"
"Capelle aan den IJssel",65255,"https://www.google.com/maps/?q=51.92917,4.57778"
"Assen",62237,"https://www.google.com/maps/?q=52.99667,6.5625"
"Nieuwegein",61489,"https://www.google.com/maps/?q=52.02917,5.08056"
"Veenendaal",61271,"https://www.google.com/maps/?q=52.02863,5.55891"
"Zeist",60949,"https://www.google.com/maps/?q=52.09,5.23333"
"Den Helder",59569,"https://www.google.com/maps/?q=52.95988,4.75933"
"Hardenberg",57909,"https://www.google.com/maps/?q=52.57583,6.61944"
"Emmen",57010,"https://www.google.com/maps/?q=52.77917,6.90694"
"Oosterhout",53107,"https://www.google.com/maps/?q=51.645,4.85972"
"Doetinchem",49906,"https://www.google.com/maps/?q=51.965,6.28889"
"Kerkrade",49777,"https://www.google.com/maps/?q=50.86583,6.0625"
"Kampen",48980,"https://www.google.com/maps/?q=52.555,5.91111"
"Weert",48662,"https://www.google.com/maps/?q=51.25167,5.70694"
"Woerden",48431,"https://www.google.com/maps/?q=52.085,4.88333"
"Sittard",48400,"https://www.google.com/maps/?q=50.99833,5.86944"
"Heerhugowaard",47580,"https://www.google.com/maps/?q=52.67144,4.84862"
"Rijswijk",47299,"https://www.google.com/maps/?q=52.03634,4.32501"
"Middelburg",46485,"https://www.google.com/maps/?q=51.5,3.61389"
"Emmeloord",46409,"https://www.google.com/maps/?q=52.71083,5.74861"
"Zwijndrecht",45696,"https://www.google.com/maps/?q=51.8175,4.63333"
"Waalwijk",45610,"https://www.google.com/maps/?q=51.6825,5.07083"
"Huizen",45292,"https://www.google.com/maps/?q=52.29917,5.24167"
"Vlissingen",45273,"https://www.google.com/maps/?q=51.4425,3.57361"
"Ridderkerk",45189,"https://www.google.com/maps/?q=51.8725,4.60278"
"Soest",45021,"https://www.google.com/maps/?q=52.17333,5.29167"
"Roermond",44975,"https://www.google.com/maps/?q=51.19417,5.9875"
"Drachten",44537,"https://www.google.com/maps/?q=53.11254,6.0989"
"Heerenveen",43094,"https://www.google.com/maps/?q=52.95929,5.91854"
"Medemblik",41500,"https://www.google.com/maps/?q=52.77167,5.10556"
"Tiel",40702,"https://www.google.com/maps/?q=51.88667,5.42917"
"Harderwijk",40516,"https://www.google.com/maps/?q=52.34167,5.62083"
"Maarssen",39675,"https://www.google.com/maps/?q=52.13917,5.04167"
"Venray",39047,"https://www.google.com/maps/?q=51.525,5.975"
"Hoogeveen",38754,"https://www.google.com/maps/?q=52.7225,6.47639"
"Barendrecht",38672,"https://www.google.com/maps/?q=51.85667,4.53472"
"Nijkerk",38335,"https://www.google.com/maps/?q=52.22,5.48611"
"Voorburg",38000,"https://www.google.com/maps/?q=52.07417,4.35972"
"Beverwijk",37585,"https://www.google.com/maps/?q=52.48333,4.65694"
"Goes",36931,"https://www.google.com/maps/?q=51.50417,3.88889"
"Zutphen",36188,"https://www.google.com/maps/?q=52.13833,6.20139"
"Heemskerk",36170,"https://www.google.com/maps/?q=52.51108,4.67165"
"Wageningen",35433,"https://www.google.com/maps/?q=51.97,5.66667"
"Castricum",35256,"https://www.google.com/maps/?q=52.54833,4.66944"
"Gorinchem",34736,"https://www.google.com/maps/?q=51.83652,4.97243"
"Uden",34601,"https://www.google.com/maps/?q=51.66083,5.61944"
"IJsselstein",33886,"https://www.google.com/maps/?q=52.02,5.04306"
"Epe",33385,"https://www.google.com/maps/?q=52.3475,5.98333"
"Sneek",32811,"https://www.google.com/maps/?q=53.03297,5.6589"
"Geleen",32790,"https://www.google.com/maps/?q=50.97417,5.82917"
"Maassluis",32780,"https://www.google.com/maps/?q=51.92333,4.25"
"Wijchen",32693,"https://www.google.com/maps/?q=51.80917,5.725"
"Papendrecht",31621,"https://www.google.com/maps/?q=51.83167,4.6875"
"Oldenzaal",31410,"https://www.google.com/maps/?q=52.31333,6.92917"
"Bussum",31334,"https://www.google.com/maps/?q=52.27333,5.16111"
"Valkenswaard",31071,"https://www.google.com/maps/?q=51.35083,5.45972"
"Meppel",30697,"https://www.google.com/maps/?q=52.69583,6.19444"
"Ypenburg",30000,"https://www.google.com/maps/?q=52.04098,4.36981"
"Winterswijk",29623,"https://www.google.com/maps/?q=51.9725,6.71944"
"Boxtel",29511,"https://www.google.com/maps/?q=51.59083,5.32917"
"Brunssum",29254,"https://www.google.com/maps/?q=50.94667,5.97083"
"Leusden",29215,"https://www.google.com/maps/?q=52.1325,5.43194"
"Best",29074,"https://www.google.com/maps/?q=51.5075,5.39028"
"Krimpen aan den IJssel",29017,"https://www.google.com/maps/?q=51.91667,4.60278"
"Delfzijl",28649,"https://www.google.com/maps/?q=53.33,6.91806"
"Barneveld",28640,"https://www.google.com/maps/?q=52.14,5.58472"
"Veendam",28155,"https://www.google.com/maps/?q=53.10667,6.87917"
"Groot IJsselmonde",28120,"https://www.google.com/maps/?q=51.88264,4.54937"
"Dronten",28073,"https://www.google.com/maps/?q=52.525,5.71806"
"Terneuzen",27930,"https://www.google.com/maps/?q=51.33583,3.82778"
"Geldrop",27900,"https://www.google.com/maps/?q=51.42167,5.55972"
"Uithoorn",26846,"https://www.google.com/maps/?q=52.2375,4.82639"
"Culemborg",26826,"https://www.google.com/maps/?q=51.955,5.22778"
"Dalfsen",26575,"https://www.google.com/maps/?q=52.51167,6.25694"
"Zaltbommel",26383,"https://www.google.com/maps/?q=51.81,5.24444"
"Werkendam",26362,"https://www.google.com/maps/?q=51.81,4.89444"
"Zevenaar",26063,"https://www.google.com/maps/?q=51.93,6.07083"
"Oisterwijk",25980,"https://www.google.com/maps/?q=51.57917,5.18889"
"Leiderdorp",25966,"https://www.google.com/maps/?q=52.15833,4.52917"
"Geldermalsen",25734,"https://www.google.com/maps/?q=51.88083,5.28889"
"Heemstede",25562,"https://www.google.com/maps/?q=52.34992,4.62301"
"Beuningen",25557,"https://www.google.com/maps/?q=51.86083,5.76667"
"Duiven",25469,"https://www.google.com/maps/?q=51.94667,6.01389"
"Dongen",25464,"https://www.google.com/maps/?q=51.62667,4.93889"
"Wassenaar",25353,"https://www.google.com/maps/?q=52.14583,4.40278"
"Veghel",25352,"https://www.google.com/maps/?q=51.61667,5.54861"
"Waddinxveen",25338,"https://www.google.com/maps/?q=52.045,4.65139"
"Ommoord",25150,"https://www.google.com/maps/?q=51.95951,4.54533"
"Vught",25043,"https://www.google.com/maps/?q=51.65333,5.2875"
"Hoensbroek",25000,"https://www.google.com/maps/?q=50.92387,5.92528"
"Baarn",24584,"https://www.google.com/maps/?q=52.21167,5.2875"
"Noordwijk-Binnen",24363,"https://www.google.com/maps/?q=52.234,4.44474"
"Diemen",24361,"https://www.google.com/maps/?q=52.33964,4.96256"
"Haaksbergen",24137,"https://www.google.com/maps/?q=52.15667,6.73889"
"Sliedrecht",23854,"https://www.google.com/maps/?q=51.82083,4.77639"
"Steenbergen",23582,"https://www.google.com/maps/?q=51.58417,4.31944"
"Oud-Beijerland",23569,"https://www.google.com/maps/?q=51.82417,4.4125"
"Wierden",23244,"https://www.google.com/maps/?q=52.35917,6.59306"
"Schijndel",23239,"https://www.google.com/maps/?q=51.6225,5.43194"
"Nuenen",23223,"https://www.google.com/maps/?q=51.47,5.55278"
"Putten",23168,"https://www.google.com/maps/?q=52.25917,5.60694"
"Loon op Zand",23000,"https://www.google.com/maps/?q=51.6275,5.075"
"Scheveningen",23000,"https://www.google.com/maps/?q=52.10461,4.27557"
"Aalsmeer",22991,"https://www.google.com/maps/?q=52.25917,4.75972"
"Goirle",22646,"https://www.google.com/maps/?q=51.52083,5.06667"
"Voorschoten",22468,"https://www.google.com/maps/?q=52.1275,4.44861"
"Losser",22431,"https://www.google.com/maps/?q=52.26083,7.00417"
"Lisse",22321,"https://www.google.com/maps/?q=52.26,4.55694"
"Borssele",22285,"https://www.google.com/maps/?q=51.42333,3.73472"
"Volendam",22000,"https://www.google.com/maps/?q=52.495,5.07083"
"Hellevoetsluis",21927,"https://www.google.com/maps/?q=51.83333,4.13333"
"Elburg",21844,"https://www.google.com/maps/?q=52.4475,5.84306"
"Hoogezand",21480,"https://www.google.com/maps/?q=53.16167,6.76111"
"Brummen",21344,"https://www.google.com/maps/?q=52.09,6.15556"
"Oegstgeest",21149,"https://www.google.com/maps/?q=52.18,4.46944"
"Hendrik-Ido-Ambacht",21027,"https://www.google.com/maps/?q=51.84417,4.63889"
"Geertruidenberg",20941,"https://www.google.com/maps/?q=51.70167,4.85694"
"Leerdam",20758,"https://www.google.com/maps/?q=51.89333,5.09167"
"Borne",20550,"https://www.google.com/maps/?q=52.30136,6.7482"
"Heiloo",20510,"https://www.google.com/maps/?q=52.60252,4.68815"
"Elst",20488,"https://www.google.com/maps/?q=51.91917,5.84167"
"Tubbergen",20334,"https://www.google.com/maps/?q=52.4075,6.78472"
"Tegelen",20190,"https://www.google.com/maps/?q=51.34417,6.13611"
"Berkel en Rodenrijs",20189,"https://www.google.com/maps/?q=51.99313,4.47865"
"Raalte",20015,"https://www.google.com/maps/?q=52.38583,6.275"
"Katwijk aan Zee",20010,"https://www.google.com/maps/?q=52.20333,4.39861"
"Stadskanaal",20000,"https://www.google.com/maps/?q=52.98947,6.9504"
"Cranendonck",19966,"https://www.google.com/maps/?q=51.30417,5.58889"
"Vianen",19931,"https://www.google.com/maps/?q=51.9925,5.09167"
"Tongelre",19680,"https://www.google.com/maps/?q=51.44889,5.51978"
"Leek",19651,"https://www.google.com/maps/?q=53.1625,6.37639"
"Lichtenvoorde",19590,"https://www.google.com/maps/?q=51.98667,6.56667"
"Nunspeet",19496,"https://www.google.com/maps/?q=52.37917,5.78611"
"Wisch",19496,"https://www.google.com/maps/?q=51.92648,6.41705"
"Bodegraven",19395,"https://www.google.com/maps/?q=52.0825,4.75"
"'s-Gravenzande",19190,"https://www.google.com/maps/?q=52.00167,4.16528"
"Aalten",19141,"https://www.google.com/maps/?q=51.925,6.58056"
"Zeewolde",19022,"https://www.google.com/maps/?q=52.33,5.54167"
"Benthuizen",18959,"https://www.google.com/maps/?q=52.0775,4.54444"
"Groesbeek",18741,"https://www.google.com/maps/?q=51.77667,5.93611"
"Pijnacker",18695,"https://www.google.com/maps/?q=52.01954,4.42946"
"Driebergen-Rijsenburg",18553,"https://www.google.com/maps/?q=52.05333,5.28056"
"Winschoten",18506,"https://www.google.com/maps/?q=53.14417,7.03472"
"Hillegom",18419,"https://www.google.com/maps/?q=52.29083,4.58333"
"Alblasserdam",18348,"https://www.google.com/maps/?q=51.86583,4.66111"
"Rhoon",18250,"https://www.google.com/maps/?q=51.8575,4.42222"
"Eersel",18185,"https://www.google.com/maps/?q=51.3575,5.31806"
"Bergeyk",18181,"https://www.google.com/maps/?q=51.31917,5.35833"
"Rhenen",18061,"https://www.google.com/maps/?q=51.95917,5.56806"
"Weesp",17802,"https://www.google.com/maps/?q=52.3075,5.04167"
"Naaldwijk",17753,"https://www.google.com/maps/?q=51.99417,4.20972"
"Velp",17669,"https://www.google.com/maps/?q=51.995,5.97361"
"Middelharnis",17554,"https://www.google.com/maps/?q=51.7575,4.16528"
"Wijk bij Duurstede",17465,"https://www.google.com/maps/?q=51.97417,5.34167"
"Enkhuizen",17365,"https://www.google.com/maps/?q=52.70333,5.29167"
"Urk",17345,"https://www.google.com/maps/?q=52.6625,5.60139"
"Steenwijk",17138,"https://www.google.com/maps/?q=52.7875,6.12083"
"Naarden",17115,"https://www.google.com/maps/?q=52.29583,5.1625"
"Sint-Oedenrode",16931,"https://www.google.com/maps/?q=51.5675,5.45972"
"Zandvoort",16868,"https://www.google.com/maps/?q=52.37125,4.53306"
"Korrewegwijk",16710,"https://www.google.com/maps/?q=53.23235,6.56804"
"Gennep",16642,"https://www.google.com/maps/?q=51.69833,5.97361"
"Bergschenhoek",16579,"https://www.google.com/maps/?q=51.99,4.49861"
"Merenwijk",16500,"https://www.google.com/maps/?q=52.17655,4.50885"
"Eibergen",16493,"https://www.google.com/maps/?q=52.1,6.64861"
"Schiebroek",16305,"https://www.google.com/maps/?q=51.95838,4.47124"
"Rijen",16230,"https://www.google.com/maps/?q=51.59083,4.91944"
"Lindenholt",16121,"https://www.google.com/maps/?q=51.8327,5.7934"
"Harlingen",16119,"https://www.google.com/maps/?q=53.17477,5.42244"
"Hoge Vucht",16000,"https://www.google.com/maps/?q=51.60794,4.7915"
"Gemert",15995,"https://www.google.com/maps/?q=51.55583,5.69028"
"Harenkarspel",15941,"https://www.google.com/maps/?q=52.73416,4.77682"
"Staphorst",15765,"https://www.google.com/maps/?q=52.645,6.21111"
"Sassenheim",15510,"https://www.google.com/maps/?q=52.225,4.52222"
"Mijdrecht",15230,"https://www.google.com/maps/?q=52.20667,4.8625"
"Boskoop",15222,"https://www.google.com/maps/?q=52.075,4.65556"
"Dieren",14842,"https://www.google.com/maps/?q=52.0525,6.1"
"Bennekom",14810,"https://www.google.com/maps/?q=51.99833,5.67639"
"Coevorden",14600,"https://www.google.com/maps/?q=52.66103,6.74046"
"Breukelen",14498,"https://www.google.com/maps/?q=52.17417,5.00139"
"Woudrichem",14208,"https://www.google.com/maps/?q=51.815,5.00139"
"Lopik",14013,"https://www.google.com/maps/?q=51.9725,4.94861"
"Lombardijen",13785,"https://www.google.com/maps/?q=51.8738,4.52192"
"Vreewijk",13745,"https://www.google.com/maps/?q=51.88428,4.51967"
"Bloemhof",13715,"https://www.google.com/maps/?q=51.89723,4.49943"
"Twello",13500,"https://www.google.com/maps/?q=52.23667,6.10278"
"Dokkum",13145,"https://www.google.com/maps/?q=53.32224,5.99697"
"Grave",12999,"https://www.google.com/maps/?q=51.75902,5.73882"
"Franeker",12996,"https://www.google.com/maps/?q=53.18546,5.54123"
"Joure",12902,"https://www.google.com/maps/?q=52.9657,5.80301"
"Reeuwijk",12817,"https://www.google.com/maps/?q=52.04667,4.725"
"Heesch",12810,"https://www.google.com/maps/?q=51.73362,5.52672"
"Wolvega",12730,"https://www.google.com/maps/?q=52.87545,5.99691"
"Vaassen",12719,"https://www.google.com/maps/?q=52.28583,5.96667"
"Korvel",12520,"https://www.google.com/maps/?q=51.54954,5.07079"
"Lunteren",12510,"https://www.google.com/maps/?q=52.085,5.62222"
"Zuidwijk",12490,"https://www.google.com/maps/?q=51.87532,4.48514"
"Rozenburg",12420,"https://www.google.com/maps/?q=51.90417,4.24861"
"Boxmeer",12407,"https://www.google.com/maps/?q=51.64667,5.94722"
"Appingedam",12364,"https://www.google.com/maps/?q=53.32167,6.85833"
"Lochem",12360,"https://www.google.com/maps/?q=52.15917,6.41111"
"Schoonhoven",12352,"https://www.google.com/maps/?q=51.9475,4.84861"
"Vriezenveen",12310,"https://www.google.com/maps/?q=52.40833,6.62222"
"Marsdijk",12241,"https://www.google.com/maps/?q=53.01766,6.58527"
"Bemmel",12020,"https://www.google.com/maps/?q=51.89167,5.89861"
"Klazienaveen",11919,"https://www.google.com/maps/?q=52.72417,6.99028"
"Pendrecht",11885,"https://www.google.com/maps/?q=51.87152,4.46901"
"Hattem",11876,"https://www.google.com/maps/?q=52.475,6.06389"
"Noordwijkerhout",11875,"https://www.google.com/maps/?q=52.26167,4.49306"
"De Lier",11823,"https://www.google.com/maps/?q=51.975,4.24861"
"Ommen",11820,"https://www.google.com/maps/?q=52.52083,6.42083"
"Eijsden",11795,"https://www.google.com/maps/?q=50.78,5.7177"
"Made",11795,"https://www.google.com/maps/?q=51.67667,4.79306"
"Uitgeest",11794,"https://www.google.com/maps/?q=52.52917,4.70972"
"Lunetten",11679,"https://www.google.com/maps/?q=52.06178,5.13474"
"Goedereede",11597,"https://www.google.com/maps/?q=51.8175,3.98056"
"Monster",11580,"https://www.google.com/maps/?q=52.02583,4.175"
"Laren",11508,"https://www.google.com/maps/?q=52.25667,5.22778"
"Camminghaburen",11500,"https://www.google.com/maps/?q=53.20973,5.84318"
"Doesburg",11480,"https://www.google.com/maps/?q=52.0125,6.13889"
"Goor",11460,"https://www.google.com/maps/?q=52.23333,6.58611"
"Woudenberg",11305,"https://www.google.com/maps/?q=52.08083,5.41667"
"Stein",11290,"https://www.google.com/maps/?q=50.96917,5.76667"
"Carnisse",11225,"https://www.google.com/maps/?q=51.88932,4.47758"
"Opmeer",11183,"https://www.google.com/maps/?q=52.70667,4.94444"
"Oosterbeek",11138,"https://www.google.com/maps/?q=51.98583,5.84583"
"Prinsenbeek",10720,"https://www.google.com/maps/?q=51.59833,4.7125"
"Someren",10690,"https://www.google.com/maps/?q=51.385,5.71111"
"Hoogland",10587,"https://www.google.com/maps/?q=52.1825,5.37361"
"Oosterpark",10550,"https://www.google.com/maps/?q=53.2237,6.5853"
"Bleiswijk",10549,"https://www.google.com/maps/?q=52.01083,4.53194"
"Zierikzee",10483,"https://www.google.com/maps/?q=51.65,3.91944"
"Oirschot",10393,"https://www.google.com/maps/?q=51.505,5.31389"
"Borculo",10373,"https://www.google.com/maps/?q=52.11583,6.52222"
"Doorn",10330,"https://www.google.com/maps/?q=52.03343,5.34571"
"Spangen",10285,"https://www.google.com/maps/?q=51.91688,4.43539"
"Ermelo",10255,"https://www.google.com/maps/?q=52.29833,5.62222"
"Hatert",10210,"https://www.google.com/maps/?q=51.80635,5.83057"
"Eerbeek",10103,"https://www.google.com/maps/?q=52.105,6.05833"
"Lemmer",10050,"https://www.google.com/maps/?q=52.84618,5.70912"
"'s-Gravenland",10000,"https://www.google.com/maps/?q=51.92336,4.55315"
"Leesten",10000,"https://www.google.com/maps/?q=52.1279,6.23217"
"Haelen",9935,"https://www.google.com/maps/?q=51.23583,5.95694"
"Bloemendaal",9900,"https://www.google.com/maps/?q=52.02878,4.6944"
"Halsteren",9850,"https://www.google.com/maps/?q=51.52834,4.26785"
"Oudewater",9836,"https://www.google.com/maps/?q=52.025,4.86806"
"Bladel",9785,"https://www.google.com/maps/?q=51.36833,5.22083"
"Liesveld",9767,"https://www.google.com/maps/?q=51.9325,4.83194"
"Burgum",9720,"https://www.google.com/maps/?q=53.19243,5.99009"
"Voorthuizen",9710,"https://www.google.com/maps/?q=52.18667,5.60556"
"Asten",9535,"https://www.google.com/maps/?q=51.40417,5.74861"
"Nieuw-Lekkerland",9535,"https://www.google.com/maps/?q=51.88915,4.68653"
"Beilen",9495,"https://www.google.com/maps/?q=52.86333,6.51389"
"Veldhuizen",9460,"https://www.google.com/maps/?q=52.07537,5.01234"
"Renkum",9421,"https://www.google.com/maps/?q=51.97667,5.73333"
"Mierlo",9405,"https://www.google.com/maps/?q=51.44,5.61944"
"Hoek van Holland",9400,"https://www.google.com/maps/?q=51.9775,4.13333"
"Haren",9375,"https://www.google.com/maps/?q=53.17209,6.60931"
"Strijen",9371,"https://www.google.com/maps/?q=51.74521,4.55083"
"Statenkwartier",9300,"https://www.google.com/maps/?q=52.09311,4.27577"
"Kudelstaart",9250,"https://www.google.com/maps/?q=52.23417,4.75139"
"Oosterwolde",9245,"https://www.google.com/maps/?q=52.99164,6.29096"
"Warnsveld",9200,"https://www.google.com/maps/?q=52.1375,6.23056"
"Bolsward",9160,"https://www.google.com/maps/?q=53.06555,5.53176"
"Lent",9160,"https://www.google.com/maps/?q=51.86167,5.86667"
"Heeze",9110,"https://www.google.com/maps/?q=51.3828,5.57145"
"Bargeres",9060,"https://www.google.com/maps/?q=52.76152,6.88145"
"Zaandijk",9040,"https://www.google.com/maps/?q=52.47494,4.80686"
"Huizum",9000,"https://www.google.com/maps/?q=53.1917,5.81119"
"De Bilt",8945,"https://www.google.com/maps/?q=52.11,5.18056"
"Heerde",8850,"https://www.google.com/maps/?q=52.38723,6.04016"
"Scherpenzeel",8820,"https://www.google.com/maps/?q=52.08,5.48889"
"Arcen",8793,"https://www.google.com/maps/?q=51.47667,6.18056"
"Slikkerveer",8750,"https://www.google.com/maps/?q=51.88531,4.60494"
"Kapelle",8670,"https://www.google.com/maps/?q=51.48627,3.95804"
"Sint Willebrord",8655,"https://www.google.com/maps/?q=51.54833,4.58889"
"Princenhage",8535,"https://www.google.com/maps/?q=51.57632,4.73906"
"Vroomshoop",8480,"https://www.google.com/maps/?q=52.46083,6.56528"
"Beek",8415,"https://www.google.com/maps/?q=50.94083,5.79722"
"Sappemeer",8298,"https://www.google.com/maps/?q=53.16417,6.79028"
"Axel",8149,"https://www.google.com/maps/?q=51.26667,3.90833"
"Emmer-Compascuum",8130,"https://www.google.com/maps/?q=52.81167,7.04722"
"Lindenheuvel",8040,"https://www.google.com/maps/?q=50.98509,5.81667"
"De Kruiskamp",8025,"https://www.google.com/maps/?q=51.69978,5.26032"
"Rijnsburg",7990,"https://www.google.com/maps/?q=52.19,4.44167"
"Heeswijk-Dinther",7985,"https://www.google.com/maps/?q=51.65083,5.475"
"Ouderkerk aan de Amstel",7955,"https://www.google.com/maps/?q=52.29504,4.90746"
"Budel",7895,"https://www.google.com/maps/?q=51.27167,5.575"
"Hilvarenbeek",7855,"https://www.google.com/maps/?q=51.48583,5.1375"
"Angelslo",7840,"https://www.google.com/maps/?q=52.7809,6.92645"
"Oosteinde",7780,"https://www.google.com/maps/?q=52.27917,4.79583"
"Bedum",7765,"https://www.google.com/maps/?q=53.30083,6.60278"
"Neede",7730,"https://www.google.com/maps/?q=52.13417,6.61389"
"Groenewoud",7710,"https://www.google.com/maps/?q=51.5386,5.09028"
"Bolnes",7650,"https://www.google.com/maps/?q=51.895,4.57917"
"Udenhout",7650,"https://www.google.com/maps/?q=51.60917,5.14306"
"Heer",7615,"https://www.google.com/maps/?q=50.83836,5.72989"
"Oude Pekela",7580,"https://www.google.com/maps/?q=53.10417,7.00972"
"Tholen",7475,"https://www.google.com/maps/?q=51.53167,4.22083"
"De Greiden",7470,"https://www.google.com/maps/?q=52.9496,5.91366"
"Broekhoven",7420,"https://www.google.com/maps/?q=51.54801,5.09175"
"Rheden",7400,"https://www.google.com/maps/?q=52.005,6.02917"
"Edam",7380,"https://www.google.com/maps/?q=52.51215,5.04805"
"Emmerhout",7375,"https://www.google.com/maps/?q=52.78755,6.93881"
"Honselersdijk",7366,"https://www.google.com/maps/?q=52.00665,4.22441"
"Limmen",7300,"https://www.google.com/maps/?q=52.56917,4.69444"
"Stiens",7300,"https://www.google.com/maps/?q=53.26234,5.75769"
"Feijenoord",7275,"https://www.google.com/maps/?q=51.91169,4.50645"
"Teteringen",7230,"https://www.google.com/maps/?q=51.60917,4.82083"
"Elsloo",7220,"https://www.google.com/maps/?q=50.94917,5.77083"
"Nederweert",7205,"https://www.google.com/maps/?q=51.28583,5.74861"
"Meerhoven",7175,"https://www.google.com/maps/?q=51.44267,5.41102"
"Randenbroek",7131,"https://www.google.com/maps/?q=52.14863,5.4012"
"Zuidhorn",7075,"https://www.google.com/maps/?q=53.24667,6.40278"
"Reusel",7055,"https://www.google.com/maps/?q=51.3625,5.16528"
"Gorredijk",7040,"https://www.google.com/maps/?q=53.00659,6.06402"
"Roden",7030,"https://www.google.com/maps/?q=53.1375,6.42083"
"Hengstdal",7010,"https://www.google.com/maps/?q=51.83333,5.88333"
"Vaals",6970,"https://www.google.com/maps/?q=50.77083,6.01806"
"Hasselt",6959,"https://www.google.com/maps/?q=52.59267,6.09527"
"Vleuten",6945,"https://www.google.com/maps/?q=52.10583,5.01528"
"Abcoude",6920,"https://www.google.com/maps/?q=52.2725,4.96944"
"Delden",6920,"https://www.google.com/maps/?q=52.26,6.71111"
"Delfshaven",6835,"https://www.google.com/maps/?q=51.90488,4.45315"
"Zundert",6835,"https://www.google.com/maps/?q=51.47167,4.65556"
"Overschie",6710,"https://www.google.com/maps/?q=51.93863,4.42766"
"Panningen",6710,"https://www.google.com/maps/?q=51.32667,5.97917"
"Peelo",6635,"https://www.google.com/maps/?q=53.01719,6.56208"
"Raamsdonksveer",6590,"https://www.google.com/maps/?q=51.69667,4.87361"
"Kerkdriel",6580,"https://www.google.com/maps/?q=51.77167,5.33472"
"Yerseke",6541,"https://www.google.com/maps/?q=51.4925,4.05"
"Scharn",6540,"https://www.google.com/maps/?q=50.85,5.73333"
"Amby",6535,"https://www.google.com/maps/?q=50.86215,5.73226"
"Selwerd",6525,"https://www.google.com/maps/?q=53.2352,6.5545"
"Berghem",6500,"https://www.google.com/maps/?q=51.76991,5.56827"
"Den Burg",6485,"https://www.google.com/maps/?q=53.05417,4.79722"
"Heino",6459,"https://www.google.com/maps/?q=52.43661,6.23282"
"Eelde",6450,"https://www.google.com/maps/?q=53.13583,6.5625"
"Waalre",6445,"https://www.google.com/maps/?q=51.38667,5.44444"
"Heythuysen",6420,"https://www.google.com/maps/?q=51.25,5.89861"
"Leersum",6385,"https://www.google.com/maps/?q=52.01167,5.42778"
"Orden",6385,"https://www.google.com/maps/?q=52.20113,5.93417"
"Woudhuis",6375,"https://www.google.com/maps/?q=52.21323,6.01124"
"De Doornakkers",6345,"https://www.google.com/maps/?q=51.43844,5.50887"
"Bunnik",6315,"https://www.google.com/maps/?q=52.06667,5.19861"
"De Drait",6310,"https://www.google.com/maps/?q=53.09743,6.06791"
"Gilze",6300,"https://www.google.com/maps/?q=51.54417,4.94028"
"Druten",6270,"https://www.google.com/maps/?q=51.88833,5.60556"
"De Heeg",6255,"https://www.google.com/maps/?q=50.82454,5.72309"
"Driemanspolder",6250,"https://www.google.com/maps/?q=52.05176,4.48504"
"Kortenhoef",6250,"https://www.google.com/maps/?q=52.23917,5.10694"
"Muiden",6223,"https://www.google.com/maps/?q=52.33,5.06944"